﻿<Page
    x:Class="RecipeApp.MainPage"
    xmlns="http://schemas.microsoft.com/winfx/2006/xaml/presentation"
    xmlns:x="http://schemas.microsoft.com/winfx/2006/xaml"
    xmlns:local="using:RecipeApp"
    xmlns:canvas="using:Microsoft.Graphics.Canvas.UI.Xaml"
    xmlns:d="http://schemas.microsoft.com/expression/blend/2008"
    xmlns:mc="http://schemas.openxmlformats.org/markup-compatibility/2006"
    mc:Ignorable="d">

	<Grid Background="{ThemeResource ApplicationPageBackgroundThemeBrush}">
		<StackPanel HorizontalAlignment="Center" VerticalAlignment="Center" Width="400">
			<TextBlock Text="Recipe Manager" FontSize="24" FontWeight="Bold" Margin="0,0,0,20"/>
			<Button Content="Add Recipe" Click="AddRecipe_Click" Margin="0,0,0,10"/>
			<Button Content="List Recipes" Click="ListRecipes_Click" Margin="0,0,0,10"/>
			<Button Content="Display Recipe" Click="DisplayRecipe_Click" Margin="0,0,0,10"/>
			<Button Content="Scale Recipe" Click="ScaleRecipe_Click" Margin="0,0,0,10"/>
			<Button Content="Reset Recipe Quantities" Click="ResetRecipeQuantities_Click" Margin="0,0,0,10"/>
			<Button Content="Clear All Recipes" Click="ClearAllRecipes_Click" Margin="0,0,0,10"/>
			<Button Content="Create Menu and Show Pie Chart" Click="ShowPieChart_Click" Margin="0,0,0,10"/>
		</StackPanel>

		<canvas:CanvasControl x:Name="pieChartCanvas" HorizontalAlignment="Center" VerticalAlignment="Bottom" Margin="0,20,0,20" Height="300" Width="300" Draw="Canvas_Draw" />
	</Grid>
</Page>
